partnerid,country,stream,latitude,longitude,chnl_width_up,chnl_width_down,water_depth_up,water_depth_down,deploy_time,biome,biome_short
AAKO,TH,1,17.7863778,97.9964361,6.3,4.4,13,10,23,Tropical & Subtropical Moist Broadleaf Forests,trop_wet
AAKO,TH,2,17.7846028,97.9966417,24.8,28.6,29,28,23,Tropical & Subtropical Moist Broadleaf Forests,trop_wet
AAKO,TH,3,17.7543,98.0148778,2.8,1.9,9,11,23,Tropical & Subtropical Moist Broadleaf Forests,trop_wet
AAKO,TH,4,17.7048083,98.0343694,8,7.5,26,21,23,Tropical & Subtropical Moist Broadleaf Forests,trop_wet
AAUS,US,1,43.42,-73.72,5.23,4.32,10.16,17.78,28,Temperate Broadleaf & Mixed Forests,temp_broad
AAUS,US,2,43.59,-73.64,5.26,6.88,27.94,16.51,28,Temperate Broadleaf & Mixed Forests,temp_broad
AAUS,US,3,43.76,-73.46,3.56,4.72,7.62,10.16,27,Temperate Broadleaf & Mixed Forests,temp_broad
AAUS,US,4,43.64,-73.51,2.01,2.13,11.43,15.24,27,Temperate Broadleaf & Mixed Forests,temp_broad
AB,CH,1,46.4413889,8.5269444,2.9,3.8,10.5,20,35,Temperate Conifer Forests,temp_conif
AB,CH,2,46.4559722,8.5140278,3.55,5.1,18,18,35,Temperate Conifer Forests,temp_conif
AB,CH,3,46.4519444,8.5288889,2.1,1.85,13,8,35,Temperate Conifer Forests,temp_conif
AB,CH,4,46.4469444,8.5383333,3.5,5.8,10,7,35,Temperate Conifer Forests,temp_conif
ACE,EC,1,-0.677893,-77.74234997,3,1.3,30,5,13,Tropical & Subtropical Moist Broadleaf Forests,trop_wet
ACE,EC,2,-0.681425,-77.74147221,1.48,0.8,21,3,13,Tropical & Subtropical Moist Broadleaf Forests,trop_wet
ACE,EC,3,-0.683188,-77.73934565,1.7,1.13,22,18,13,Tropical & Subtropical Moist Broadleaf Forests,trop_wet
ACE,EC,4,-0.68382,-77.73983077,5.11,1.82,28,17,13,Tropical & Subtropical Moist Broadleaf Forests,trop_wet
AD,CA,1,45.3064972,-71.9349583,1.8,1.6,9.5,10,35,Temperate Broadleaf & Mixed Forests,temp_broad
AD,CA,2,45.5941389,-72.1447944,6.3,4,17.8,27.4,35,Temperate Broadleaf & Mixed Forests,temp_broad
AD,CA,3,45.3725778,-71.209975,14,17.5,21.6,13.3,35,Temperate Broadleaf & Mixed Forests,temp_broad
AD,CA,4,45.5448611,-73.1571667,5,3.4,6.4,13.3,35,Temperate Broadleaf & Mixed Forests,temp_broad
AF,US,1,42.4411111,-76.4491667,3.55,3.2,14,16,29,Temperate Broadleaf & Mixed Forests,temp_broad
AF,US,2,42.385,-76.5530556,4.3,5.1,19,12,29,Temperate Broadleaf & Mixed Forests,temp_broad
AF,US,3,42.3422222,-76.2438889,3.3,3.45,14,12,29,Temperate Broadleaf & Mixed Forests,temp_broad
AF,US,4,42.4219444,-76.33,4.6,5.55,15,13,29,Temperate Broadleaf & Mixed Forests,temp_broad
AFB,NO,1,69.659851,18.555845,4.5,5.5,48,24,35,Tundra,tund
AFB,NO,2,69.670212,18.623302,2.3,2.5,22,19,35,Tundra,tund
AFB,NO,3,69.767959,18.816131,2.8,2.9,24,28,35,Tundra,tund
AFB,NO,4,69.741461,18.878004,2.6,3.3,28,24,35,Tundra,tund
AG,IE,1,53.2077667,-6.2933667,3.6,2.4,50,50,44,Temperate Broadleaf & Mixed Forests,temp_broad
AG,IE,2,53.16255,-6.3002,1.3,1.1,80,80,44,Temperate Broadleaf & Mixed Forests,temp_broad
AG,IE,3,53.1290167,-6.2944333,4,2.7,50,50,44,Temperate Broadleaf & Mixed Forests,temp_broad
AK,CA,1,44.039084,-78.57832,2.44,1.98,30.48,22.86,28,Temperate Broadleaf & Mixed Forests,temp_broad
AK,CA,2,44.01781,-78.685356,2.67,3.76,12.7,7.62,28,Temperate Broadleaf & Mixed Forests,temp_broad
AK,CA,3,44.010698,-78.781537,4.62,5.03,12.7,19.03,28,Temperate Broadleaf & Mixed Forests,temp_broad
AK,CA,4,43.999637,-79.067008,4.04,6.35,8.89,5.08,28,Temperate Broadleaf & Mixed Forests,temp_broad
AL,BR,1,-27.7333333,-48.5166667,3.5,3,60,50,25,Tropical & Subtropical Moist Broadleaf Forests,trop_wet
AL,BR,2,-27.7333333,-48.5166667,2.5,2,45,35,25,Tropical & Subtropical Moist Broadleaf Forests,trop_wet
AL,BR,3,-27.7333333,-48.5166667,2,2,25,20,25,Tropical & Subtropical Moist Broadleaf Forests,trop_wet
AL,BR,4,-27.7333333,-48.5166667,1.8,1.5,25,20,25,Tropical & Subtropical Moist Broadleaf Forests,trop_wet
AM,BR,1,-12.9958,-41.3267333,2.5,2.4,94,23,31,Deserts & Xeric Shrublands,desert
AM,BR,2,-12.9996167,-41.3176,1.2,0.9,40,50,31,Deserts & Xeric Shrublands,desert
AM,BR,3,-12.99775,-41.3411167,0.6,1,58,76,31,Deserts & Xeric Shrublands,desert
AM,BR,4,-12.9930833,-41.34055,0.7,2,69,67,31,Deserts & Xeric Shrublands,desert
AMYM,US,1,47.280448,-88.517331,1.14,0.84,2,4,35,Temperate Broadleaf & Mixed Forests,temp_broad
AMYM,US,2,47.124086,-88.644123,5.6,4.37,15,10,35,Temperate Broadleaf & Mixed Forests,temp_broad
AMYM,US,3,47.201715,-88.613602,2.85,4.8,7,9,34,Temperate Broadleaf & Mixed Forests,temp_broad
AMYM,US,4,47.148077,-88.59678,2.7,2.05,11,13,34,Temperate Broadleaf & Mixed Forests,temp_broad
ANCA,ES,1,39.3868611,-0.9627889,1.3,1.05,15,18,37,"Mediterranean Forests, Woodlands & Scrub",mediter
ANCA,ES,2,39.3394472,-1.3414389,14.1,13.2,65,68,37,"Mediterranean Forests, Woodlands & Scrub",mediter
ANCA,ES,3,39.9181167,-0.3562389,1.75,2.5,20,22,33,"Mediterranean Forests, Woodlands & Scrub",mediter
ANCA,ES,4,39.9332333,-0.7384444,2.75,2.5,22,28,,"Mediterranean Forests, Woodlands & Scrub",mediter
ANCA,AQ,5,-62.9798056,-60.6687778,3.9,4.2,6,5,12,Tundra,tund
ANCA,AQ,6,-62.9770556,-60.6775278,23,21,5,5,12,Tundra,tund
ANCA,AQ,7,-62.9798056,-60.6687778,,,,,,Tundra,tund
ANCA,AQ,8,-62.9770556,-60.6775278,,,,,,Tundra,tund
AP,US,1,57.1251889,-135.3529972,2,2,20,20,57,Temperate Conifer Forests,temp_conif
AP,US,2,57.1302917,-135.3579306,2,2,10,10,57,Temperate Conifer Forests,temp_conif
AP,US,3,57.1259972,-135.3779889,5,5,20,20,57,Temperate Conifer Forests,temp_conif
AP,US,4,57.0627278,-135.3035306,8,8,30,30,57,Temperate Conifer Forests,temp_conif
AR,AU,1,-34.9712056,138.6819056,1.6,3.3,10,20,84,"Mediterranean Forests, Woodlands & Scrub",mediter
AR,AU,2,-34.9028806,138.7029861,1.8,3.2,20,25,84,"Mediterranean Forests, Woodlands & Scrub",mediter
AR,AU,3,-34.8823472,138.7024639,2.5,2.5,12.5,12.5,84,"Mediterranean Forests, Woodlands & Scrub",mediter
AR,AU,4,-34.8737361,138.7543611,2.5,4,15,60,84,"Mediterranean Forests, Woodlands & Scrub",mediter
AREL,ES,1,42.2186944,-1.5128333,0.55,0.65,10,12,31,"Mediterranean Forests, Woodlands & Scrub",mediter
AREL,ES,2,42.2221944,-1.5103056,0.9,0.8,20,20,31,"Mediterranean Forests, Woodlands & Scrub",mediter
AREL,ES,3,42.2218611,-1.5096389,2.5,3,60,50,31,"Mediterranean Forests, Woodlands & Scrub",mediter
AREL,ES,4,42.2153056,-1.5081111,1.5,2,30,30,31,"Mediterranean Forests, Woodlands & Scrub",mediter
AS,LV,1,56.9749667,25.6227667,3.6,3.3,9,10,34,Temperate Broadleaf & Mixed Forests,temp_broad
AS,LV,2,56.9786833,25.6265833,5.5,6,10,9,34,Temperate Broadleaf & Mixed Forests,temp_broad
AS,LV,3,57.1992167,25.1550667,4.4,4.5,7,9,33,Temperate Broadleaf & Mixed Forests,temp_broad
AS,LV,4,57.2025,25.2266667,0.6,0.58,3,4,33,Temperate Broadleaf & Mixed Forests,temp_broad
ASMO,US,1,46.26294,-84.49194,4.3,6.1,13,15,36,Temperate Broadleaf & Mixed Forests,temp_broad
ASMO,US,2,46.27801,-84.53964,7.13,5,30,16,36,Temperate Broadleaf & Mixed Forests,temp_broad
ASMO,US,3,46.28016,-84.52225,3.4,5,60,25.6,36,Temperate Broadleaf & Mixed Forests,temp_broad
ASMO,US,4,46.26642,-85.00807,5.8,5.36,64,32,36,Temperate Broadleaf & Mixed Forests,temp_broad
AV,US,1,39.104022,-96.547892,2.7,0.56,3.5,3.5,28,"Temperate Grasslands, Savannas & Shrublands",temp_grass
AV,US,2,39.079251,-96.593845,0.49,0.43,6.2,5.6,28,"Temperate Grasslands, Savannas & Shrublands",temp_grass
AV,US,3,39.081295,-96.582181,0.97,1.54,2,3.3,28,"Temperate Grasslands, Savannas & Shrublands",temp_grass
AV,US,4,39.100726,-96.574119,2.6,1.5,,,28,"Temperate Grasslands, Savannas & Shrublands",temp_grass
AY,CA,1,43.76318,-80.22787,4.1,4.1,37,18,28,Temperate Broadleaf & Mixed Forests,temp_broad
AY,CA,2,43.49301,-80.13589,4,4.8,12,10,28,Temperate Broadleaf & Mixed Forests,temp_broad
AY,CA,3,43.31965,-80.31795,1.1,2.8,14,18,28,Temperate Broadleaf & Mixed Forests,temp_broad
AY,CA,4,43.30655,-80.30595,6.5,3.5,14,15,28,Temperate Broadleaf & Mixed Forests,temp_broad
BB,US,1,30.41894,-97.81269,3.7,4.4,27.4,18.3,20,"Temperate Grasslands, Savannas & Shrublands",temp_grass
BB,US,2,30.24457,-98.12511,7.4,3.7,54.9,27.4,20,"Temperate Grasslands, Savannas & Shrublands",temp_grass
BB,US,3,30.1688,-98.219,4.1,12.5,44.2,24.4,20,"Temperate Grasslands, Savannas & Shrublands",temp_grass
BB,US,4,30.1381,-97.77395,6.4,9.2,65.5,32,20,"Temperate Grasslands, Savannas & Shrublands",temp_grass
BM,SE,1,59.747187,16.348707,4.5,1.2,10,25,36,Temperate Broadleaf & Mixed Forests,temp_broad
BM,SE,2,59.646851,15.942801,4.7,4,30,25,33,Boreal Forests/Taiga,taiga
BM,SE,3,59.854925,15.998591,3,1.5,18,13,33,Boreal Forests/Taiga,taiga
BM,SE,4,59.885325,15.885905,1,0.6,25,20,32,Boreal Forests/Taiga,taiga
BR,CL,1,-46.25886,-72.39667,1.47,1.14,10,15,38,Temperate Broadleaf & Mixed Forests,temp_broad
BR,CL,2,-45.35625,-71.77115,2.95,1.17,10,10,41,Temperate Broadleaf & Mixed Forests,temp_broad
BR,CL,3,-45.29717,-71.77717,1.87,1.87,10,10,37,Temperate Broadleaf & Mixed Forests,temp_broad
BR,CL,4,-45.64016,-72.21484,0.25,0.32,10,7,39,Temperate Broadleaf & Mixed Forests,temp_broad
CATP,PR,1,18.331825,-65.8211222,1.25,1,11,11,36,Tropical & Subtropical Moist Broadleaf Forests,trop_wet
CATP,PR,2,18.3211833,-65.8169694,9,9,7,9.1,36,Tropical & Subtropical Moist Broadleaf Forests,trop_wet
CATP,PR,3,18.3227333,-65.8146306,0.3,3.5,10.5,9,36,Tropical & Subtropical Moist Broadleaf Forests,trop_wet
CATP,PR,4,18.3239333,-65.81535,1.3,0.8,9,5,36,Tropical & Subtropical Moist Broadleaf Forests,trop_wet
CATY,MY,1,3.1672778,101.7765833,1.83,1.56,19.2,20.5,15,Tropical & Subtropical Moist Broadleaf Forests,trop_wet
CATY,MY,2,3.1681889,101.7803083,2.1,1.8,21,25,15,Tropical & Subtropical Moist Broadleaf Forests,trop_wet
CATY,MY,3,3.1663056,101.7794,0.6,0.54,12,18,15,Tropical & Subtropical Moist Broadleaf Forests,trop_wet
CATY,MY,4,3.1656083,101.7783889,0.4,0.5,12,10,15,Tropical & Subtropical Moist Broadleaf Forests,trop_wet
CC,PT,1,40.0801667,-8.2031361,1.15,0.78,12,13,29,"Mediterranean Forests, Woodlands & Scrub",mediter
CC,PT,2,40.290952,-8.390587,2.2,2.7,6,10,29,"Mediterranean Forests, Woodlands & Scrub",mediter
CC,PT,3,40.0749722,-8.24625,2.6,2.8,7,5,29,"Mediterranean Forests, Woodlands & Scrub",mediter
CC,PT,4,40.0564444,-8.2126389,0.8,1.2,8,9,29,"Mediterranean Forests, Woodlands & Scrub",mediter
CCG,US,1,32.3572222,-81.8566667,3.9,4.7,17.6,21.3,28,Temperate Conifer Forests,temp_conif
CCG,US,2,32.8308333,-81.5905556,10,11.2,101.5,66.6,44,Temperate Conifer Forests,temp_conif
CCG,US,3,32.4483333,-81.9558333,8.1,5,53.2,42,39,Temperate Conifer Forests,temp_conif
CCG,US,4,32.4483333,-82.0616667,5.65,7.3,54,41.33,40,Temperate Conifer Forests,temp_conif
CIA,EC,1,-4.0550139,-79.8081889,5.3,6.7,110,95,20,Tropical & Subtropical Dry Broadleaf Forests,trop_dry
CIA,EC,2,-4.0849944,-79.8221944,4.4,5.3,98,80,20,Tropical & Subtropical Dry Broadleaf Forests,trop_dry
CIA,EC,3,-4.1478222,-79.8509889,3.15,5.3,120,85,20,Tropical & Subtropical Dry Broadleaf Forests,trop_dry
CIA,EC,4,-4.2429917,-79.8851139,8,8.7,55,42,20,Tropical & Subtropical Dry Broadleaf Forests,trop_dry
CIA,EC,5,0.0329139,-76.9713944,1.31,1.56,10,11,14,Tropical & Subtropical Moist Broadleaf Forests,trop_wet
CIA,EC,6,0.018075,-76.9699278,2.7,1.5,12,23,14,Tropical & Subtropical Moist Broadleaf Forests,trop_wet
CIA,EC,7,-0.1043667,-77.0265472,4.95,4.8,25,35,14,Tropical & Subtropical Moist Broadleaf Forests,trop_wet
CIA,EC,8,-0.1732917,-76.9973806,1.57,1.49,18,20,14,Tropical & Subtropical Moist Broadleaf Forests,trop_wet
CJP,US,1,38.900133,-76.566115,1.75,1.73,12.25,13.5,29,Temperate Broadleaf & Mixed Forests,temp_broad
CJP,US,2,38.896192,-76.561593,1.65,0.98,13,6.25,29,Temperate Broadleaf & Mixed Forests,temp_broad
CJP,US,3,38.890213,-76.565283,2.8,4.45,11.25,9.5,29,Temperate Broadleaf & Mixed Forests,temp_broad
CJP,US,4,38.888142,-76.566013,1.88,2.25,14.25,12.1,29,Temperate Broadleaf & Mixed Forests,temp_broad
CL,US,1,47.3738194,-123.3230194,2.2,2.24,9.75,7,30,Temperate Conifer Forests,temp_conif
CL,US,2,47.0849194,-122.9747778,2.77,2.2,6.2,5.1,32,Temperate Conifer Forests,temp_conif
CL,US,3,47.0101917,-122.9927778,1.05,0.81,5.5,4.4,32,Temperate Conifer Forests,temp_conif
CL,US,4,47.0807222,-122.9819056,1.54,1.46,10,14,30,Temperate Conifer Forests,temp_conif
CLAR,US,1,47.356011,-120.835682,2.2,1.8,14,17,35,Temperate Conifer Forests,temp_conif
CLAR,US,2,47.368016,-120.784082,2,2,9,16,35,Temperate Conifer Forests,temp_conif
CLAR,US,3,47.368359,-120.78471,2.7,1.9,18,18,35,Temperate Conifer Forests,temp_conif
CLAR,US,4,47.365879,-120.8027,5.1,4.5,15,14,35,Temperate Conifer Forests,temp_conif
CPW,TW,1,24.76606,121.58664,2.5,2.6,32,16,27,Tropical & Subtropical Moist Broadleaf Forests,trop_wet
CPW,TW,2,24.76852,121.60186,3.8,3.9,35,26,27,Tropical & Subtropical Moist Broadleaf Forests,trop_wet
CPW,TW,3,24.757452,121.57346,1.2,1,14,21,27,Tropical & Subtropical Moist Broadleaf Forests,trop_wet
CPW,TW,4,24.758251,121.60513,1.5,1.7,17,17,27,Tropical & Subtropical Moist Broadleaf Forests,trop_wet
CR,CH,1,46.4911111,9.8991667,1.5,1.5,20,20,23,Temperate Conifer Forests,temp_conif
CR,CH,2,46.4911111,9.8991667,1,20,1,20,23,Temperate Conifer Forests,temp_conif
CR,CH,3,46.4911111,9.8991667,1.2,20,1.2,20,23,Temperate Conifer Forests,temp_conif
CR,CH,4,46.4911111,9.8991667,1.2,20,1.2,20,23,Temperate Conifer Forests,temp_conif
CS,US,1,39.2358333,-76.7583333,1.1,0.9,11,13,28,Temperate Broadleaf & Mixed Forests,temp_broad
CS,US,2,39.2422222,-76.7513889,1.1,0.3,14,16,28,Temperate Broadleaf & Mixed Forests,temp_broad
CS,US,3,39.2333333,-76.7416667,1,0.8,14,15,28,Temperate Broadleaf & Mixed Forests,temp_broad
CS,US,4,39.2358333,-76.7583333,0.6,1.9,10,6,28,Temperate Broadleaf & Mixed Forests,temp_broad
CVB,US,1,42.85313,-112.45033,1,1.8,10,5,28,Deserts & Xeric Shrublands,desert
CVB,US,2,42.79242,-112.43019,2.8,2.9,15,12,28,Deserts & Xeric Shrublands,desert
CVB,US,3,42.79827,-112.38396,4.1,4.2,12,10,28,Deserts & Xeric Shrublands,desert
CVB,US,4,42.70785,-112.42268,2.4,2.9,13,8,28,Deserts & Xeric Shrublands,desert
CYO,JP,1,37.3688556,140.1720417,2.23,2.9,25,15,36,Temperate Broadleaf & Mixed Forests,temp_broad
CYO,JP,2,37.3683583,140.1721389,0.95,1.7,14,12,36,Temperate Broadleaf & Mixed Forests,temp_broad
CYO,JP,3,37.3998722,140.17075,2.3,3.7,22,22,36,Temperate Broadleaf & Mixed Forests,temp_broad
CYO,JP,4,37.3983667,140.16295,2.05,2,35,19,35,Temperate Broadleaf & Mixed Forests,temp_broad
DAAL,US,1,33.7873333,-111.5078056,2.42,3.21,10.5,22.2,32,Temperate Conifer Forests,temp_conif
DAAL,US,2,33.9797778,-111.3043611,10.43,9.8,24,57,32,Temperate Conifer Forests,temp_conif
DAAL,US,3,33.7060833,-110.8193611,30.2,33.7,5.9,6.6,32,Temperate Conifer Forests,temp_conif
DAAL,US,4,33.6853889,-110.8436111,2.65,1.63,14.29,22.5,32,Temperate Conifer Forests,temp_conif
DACO,US,1,41.6051833,-81.2673333,3.2,3.9,17,14,28,Temperate Broadleaf & Mixed Forests,temp_broad
DACO,US,2,41.17405,-81.2020667,7.8,9.4,13,12,28,Temperate Broadleaf & Mixed Forests,temp_broad
DACO,US,3,41.1280667,-81.128,2.1,1.2,13,10,26,Temperate Broadleaf & Mixed Forests,temp_broad
DACO,US,4,41.1453167,-81.3004333,13.4,13.8,27,18,26,Temperate Broadleaf & Mixed Forests,temp_broad
DAGI,DE,1,51.70275,10.445961,7.6,5.1,18.5,32,43,Temperate Broadleaf & Mixed Forests,temp_broad
DAGI,DE,2,51.697547,10.383178,3.8,3.8,17.5,11,43,Temperate Broadleaf & Mixed Forests,temp_broad
DAGI,DE,3,51.680758,10.320715,4.1,3.3,15.5,17.5,43,Temperate Broadleaf & Mixed Forests,temp_broad
DAGI,DE,4,51.650969,10.456585,4.6,4.9,19.5,19,43,Temperate Broadleaf & Mixed Forests,temp_broad
DEBR,US,1,44.575807,-69.886754,2,2,20,10,40,Temperate Broadleaf & Mixed Forests,temp_broad
DEBR,US,2,44.582896,-69.91859,3,2,15,10,40,Temperate Broadleaf & Mixed Forests,temp_broad
DEBR,US,3,44.547462,-69.919439,4,2,30,15,40,Temperate Broadleaf & Mixed Forests,temp_broad
DEBR,US,4,44.512941,-69.924809,2.5,1.5,15,10,40,Temperate Broadleaf & Mixed Forests,temp_broad
DJ,US,1,40.494362,-79.076763,9.23,10.82,15,30,28,Temperate Broadleaf & Mixed Forests,temp_broad
DJ,US,2,40.579405,-79.000631,5.05,3.9,26,19,28,Temperate Broadleaf & Mixed Forests,temp_broad
DJ,US,3,40.66787,-79.014904,10.73,8.02,13,14,28,Temperate Broadleaf & Mixed Forests,temp_broad
DJ,US,4,40.825462,-78.970213,9.11,20.64,25,22,28,Temperate Broadleaf & Mixed Forests,temp_broad
EC,FR,1,43.4283333,2.2202222,2.3,2.8,11,8,30,Temperate Broadleaf & Mixed Forests,temp_broad
EC,FR,2,43.4148611,2.2185556,1.6,1.5,12,9,30,"Mediterranean Forests, Woodlands & Scrub",mediter
EC,FR,3,43.4205,2.2419444,1.8,1.2,15,19,30,Temperate Broadleaf & Mixed Forests,temp_broad
EC,FR,4,43.4185278,2.1880278,1,1.4,5,8,30,Temperate Broadleaf & Mixed Forests,temp_broad
ED,IE,1,53.989981,-9.523651,1,1,0.3,0.3,33,Temperate Broadleaf & Mixed Forests,temp_broad
ED,IE,2,53.988612,-9.566631,1,1,0.3,0.3,33,Temperate Broadleaf & Mixed Forests,temp_broad
ED,IE,3,54.01933,-9.540346,1.5,1.5,0.3,0.3,33,Temperate Broadleaf & Mixed Forests,temp_broad
ED,IE,4,54.011546,-9.547908,2,2,0.4,0.4,33,Temperate Broadleaf & Mixed Forests,temp_broad
EG,AU,1,-13.117384,130.786082,1.5,1,30,30,21,"Tropical & Subtropical Grasslands, Savannas & Shrublands",trop_grass
EG,AU,2,-13.104469,130.794562,1.5,1.5,10,10,22,"Tropical & Subtropical Grasslands, Savannas & Shrublands",trop_grass
EG,AU,3,-13.199852,130.69988,3.5,2.5,35,25,22,"Tropical & Subtropical Grasslands, Savannas & Shrublands",trop_grass
EG,AU,4,-13.196333,130.699126,3,2,45,5,22,"Tropical & Subtropical Grasslands, Savannas & Shrublands",trop_grass
EP,NL,1,51.9738667,5.7171667,2.5,2.5,15,15,35,Temperate Broadleaf & Mixed Forests,temp_broad
EP,NL,2,51.9911,5.6547667,1,1,5,5,35,Temperate Broadleaf & Mixed Forests,temp_broad
EP,NL,3,51.9826,5.6107,2,2,15,15,35,Temperate Broadleaf & Mixed Forests,temp_broad
EP,NL,4,52.0147333,5.5999167,5,5,15,15,35,Temperate Broadleaf & Mixed Forests,temp_broad
EQ,BO,1,-16.1983111,-68.1181972,0.73,0.9,11.3,9,33,Montane Grasslands & Shrublands,mont_grass
EQ,BO,2,-16.2830611,-68.1133,0.75,0.85,10.6,10,33,Montane Grasslands & Shrublands,mont_grass
EQ,BO,3,-16.1398972,-68.2733194,1.25,1.07,12,11.33,33,Montane Grasslands & Shrublands,mont_grass
EQ,BO,4,-16.1480667,-68.2806056,1.39,1.2,24,14.3,33,Montane Grasslands & Shrublands,mont_grass
FB,CH,1,47.3026861,8.6094083,2.3,1.8,14,18,28,Temperate Broadleaf & Mixed Forests,temp_broad
FB,CH,2,47.3035,8.6082528,1.1,1,11,11,28,Temperate Broadleaf & Mixed Forests,temp_broad
FB,CH,3,47.3028917,8.6098139,1.8,1.3,15,15,28,Temperate Broadleaf & Mixed Forests,temp_broad
FB,CH,4,47.3122528,8.6040417,1.7,1.2,12,10,28,Temperate Broadleaf & Mixed Forests,temp_broad
FC,FR,1,43.5513611,5.5874167,2.9,2.6,18,13,20,"Mediterranean Forests, Woodlands & Scrub",mediter
FC,FR,2,43.5204722,5.5465,2.2,1.25,15,35,20,"Mediterranean Forests, Woodlands & Scrub",mediter
FC,FR,3,43.5173333,5.5866667,1.6,1.8,37,35,20,"Mediterranean Forests, Woodlands & Scrub",mediter
FG,KE,1,0.7140833,35.4240556,2.1,1.8,15,17,28,Tropical & Subtropical Moist Broadleaf Forests,trop_wet
FG,KE,2,0.6415833,35.4944722,1.1,1.2,10,8,28,Tropical & Subtropical Moist Broadleaf Forests,trop_wet
FG,KE,3,0.74475,35.4735833,1.87,2.2,19,13,28,Tropical & Subtropical Moist Broadleaf Forests,trop_wet
FG,KE,4,0.82975,35.4480833,4.11,5.2,16,13,28,Tropical & Subtropical Moist Broadleaf Forests,trop_wet
FM,UY,1,-33.9037194,-56.0062306,2.3,2.8,31,29,28,"Tropical & Subtropical Grasslands, Savannas & Shrublands",trop_grass
FM,UY,2,-33.7960944,-55.834525,2.8,5.3,34,35.5,28,"Tropical & Subtropical Grasslands, Savannas & Shrublands",trop_grass
FM,UY,3,-33.7362028,-55.6635722,4.6,1.4,21,14,28,"Tropical & Subtropical Grasslands, Savannas & Shrublands",trop_grass
FM,UY,4,-33.6764139,-55.652325,2.8,2.8,31.5,31,28,"Tropical & Subtropical Grasslands, Savannas & Shrublands",trop_grass
FRGU,FR,1,48.4769722,7.1743333,2.4,2.1,15,21,35,Temperate Broadleaf & Mixed Forests,temp_broad
FRGU,FR,2,48.5018333,7.1743333,1.95,1.7,14,17,35,Temperate Broadleaf & Mixed Forests,temp_broad
FRGU,FR,3,48.5129722,7.1206667,1.95,1.7,14,17,35,Temperate Broadleaf & Mixed Forests,temp_broad
FRGU,FR,4,48.49025,7.0538611,2.2,1.9,18,17,35,Temperate Broadleaf & Mixed Forests,temp_broad
GESI,KE,1,0.4981367,35.0031433,7,7.4,90,85,30,"Tropical & Subtropical Grasslands, Savannas & Shrublands",trop_grass
GESI,KE,2,0.63101,35.0674517,7.5,7.6,93,91,30,"Tropical & Subtropical Grasslands, Savannas & Shrublands",trop_grass
GESI,KE,3,0.7913967,34.9470383,6.2,6.4,75,72,30,"Tropical & Subtropical Grasslands, Savannas & Shrublands",trop_grass
GESI,KE,4,0.7867317,34.7679383,6.8,6.6,68,65,30,"Tropical & Subtropical Grasslands, Savannas & Shrublands",trop_grass
GR,RO,1,45.373268,25.55067,1.2,1.2,5,17,38,Temperate Conifer Forests,temp_conif
GR,RO,2,45.452672,25.634325,12,8,19,13,38,Temperate Conifer Forests,temp_conif
GR,RO,3,45.396863,25.567982,2.5,2.85,17,17,38,Temperate Conifer Forests,temp_conif
GR,RO,4,45.418,25.562826,1.95,2.05,10,8,,Temperate Conifer Forests,temp_conif
GS,HU,1,47.1119,17.7898389,2.3,2.1,10,12,35,Temperate Broadleaf & Mixed Forests,temp_broad
GS,HU,2,46.9957333,17.6518472,2.5,2.7,25,15,35,Temperate Broadleaf & Mixed Forests,temp_broad
GS,HU,3,46.9897667,17.8864194,0.7,0.6,6,8,35,Temperate Broadleaf & Mixed Forests,temp_broad
GS,HU,4,46.9872389,17.9182056,0.6,0.6,7,8,35,Temperate Broadleaf & Mixed Forests,temp_broad
HL,SE,1,64.252197,19.7763,0.13,0.2,4.5,4,31,Boreal Forests/Taiga,taiga
HL,SE,2,64.259399,19.773899,0.43,0.78,4.5,3.5,31,Boreal Forests/Taiga,taiga
HL,SE,3,64.260803,19.760401,0.81,0.57,16.5,9.9,31,Boreal Forests/Taiga,taiga
HL,SE,4,64.198097,19.869101,4.8,6.2,65,47,31,Boreal Forests/Taiga,taiga
HPG,DE,1,53.071374,13.026283,3.5,2.5,80,80,35,Temperate Broadleaf & Mixed Forests,temp_broad
HPG,DE,2,53.055068,12.915662,10,8,1.5,1.5,35,Temperate Broadleaf & Mixed Forests,temp_broad
HPG,DE,3,53.105155,13.055109,2.5,2.5,80,80,35,Temperate Broadleaf & Mixed Forests,temp_broad
HPG,DE,4,53.188708,13.090259,30,30,200,200,35,Temperate Broadleaf & Mixed Forests,temp_broad
IP,ES,1,39.7572694,2.7120278,1.6,1.2,12,9,22,"Mediterranean Forests, Woodlands & Scrub",mediter
IP,ES,2,39.8982028,2.9923472,1.8,2.2,12,10,22,"Mediterranean Forests, Woodlands & Scrub",mediter
IP,ES,3,39.8936472,2.9941417,1.9,2.9,16,22,22,"Mediterranean Forests, Woodlands & Scrub",mediter
IP,ES,4,39.8935806,2.9951917,3.4,3.2,8,9,22,"Mediterranean Forests, Woodlands & Scrub",mediter
JA,FI,1,62.3667667,25.0864333,5.8,5,20,10,35,Boreal Forests/Taiga,taiga
JA,FI,2,63.31445,24.79205,5.3,6.2,24,13,34,Boreal Forests/Taiga,taiga
JA,FI,3,63.4504333,25.2721833,7.2,6.2,34,16,34,Boreal Forests/Taiga,taiga
JA,FI,4,63.9835167,26.7284833,3.5,3.3,29,43,34,Boreal Forests/Taiga,taiga
JARU,CA,1,45.379975,-79.142175,0.3,0.8,4,5,36,Temperate Broadleaf & Mixed Forests,temp_broad
JARU,CA,2,45.1454417,-79.0890694,0.9,0.7,4,5,40,Temperate Broadleaf & Mixed Forests,temp_broad
JARU,CA,3,45.2226889,-78.9151778,3,1.5,8,9,36,Temperate Broadleaf & Mixed Forests,temp_broad
JARU,CA,4,45.1786611,-78.8279861,0.4,0.6,3,3,40,Temperate Broadleaf & Mixed Forests,temp_broad
JC,NZ,1,-41.1846722,173.4875806,3,6,40,20,28,Temperate Broadleaf & Mixed Forests,temp_broad
JC,NZ,2,-41.2964833,173.3690611,9.6,4.5,22,37,28,Temperate Broadleaf & Mixed Forests,temp_broad
JC,NZ,3,-41.2981,173.3348444,2.1,3,21,23,24,Temperate Broadleaf & Mixed Forests,temp_broad
JC,NZ,4,-41.3140028,173.2912667,4.7,7,3,20,31,Temperate Broadleaf & Mixed Forests,temp_broad
JESM,AQ,1,-65.24812,-64.24269,0.6,0.3,9,10,41,Tundra,tund
JESM,AQ,2,-65.24844,-64.24572,0.5,0.35,10,4,57,Tundra,tund
JESM,AQ,3,-65.24639,-64.24671,0.2,0.2,10,8,57,Tundra,tund
JESM,AQ,4,-65.24495,-64.256333,1.5,1.9,50,50,50,Tundra,tund
JESM,AQ,5,-65.24492,-64.25494,0.1,0.2,2,4,57,Tundra,tund
JESM,AQ,11,-63.8025,-57.8767,,,,,22,Tundra,tund
JESM,AQ,12,-63.8123,-57.9203,,,,,22,Tundra,tund
JESM,AQ,13,-63.8067,-57.885,,,,,23,Tundra,tund
JESM,AQ,14,-63.8163,-57.8869,,,,,23,Tundra,tund
JFGJ,BR,1,-15.68834,-48.024152,1,1,0.28,0.2,41,"Tropical & Subtropical Grasslands, Savannas & Shrublands",trop_grass
JFGJ,BR,2,-15.688837,-48.023985,3.5,1.57,0.15,0.38,41,"Tropical & Subtropical Grasslands, Savannas & Shrublands",trop_grass
JFGJ,BR,3,-15.733293,-48.014997,1.8,1.3,0.19,0.17,41,"Tropical & Subtropical Grasslands, Savannas & Shrublands",trop_grass
JFGJ,BR,4,-15.725521,-47.940142,1.1,1.1,1.88,0.51,41,"Tropical & Subtropical Grasslands, Savannas & Shrublands",trop_grass
JH,GB,1,51.423876,-1.71718,13,12.5,75,17,29,Temperate Broadleaf & Mixed Forests,temp_broad
JH,GB,2,51.414487,-0.646557,2.65,4.55,13,0.65,29,Temperate Broadleaf & Mixed Forests,temp_broad
JH,GB,3,51.237386,0.968261,11,9.5,68,44,30,Temperate Broadleaf & Mixed Forests,temp_broad
JH,GB,4,51.081777,0.056149,1.8,2.1,20,19,30,Temperate Broadleaf & Mixed Forests,temp_broad
JN,CL,1,-39.9528194,-73.1922417,3.9,4.2,25,18,40,Temperate Broadleaf & Mixed Forests,temp_broad
JN,CL,2,-39.9600611,-73.3212333,2.3,2.7,45,40,40,Temperate Broadleaf & Mixed Forests,temp_broad
JN,CL,3,-39.95395,-73.3303417,3.2,3.4,20,18,40,Temperate Broadleaf & Mixed Forests,temp_broad
JN,CL,4,-39.9234722,-73.4135306,10,10.5,32,29,40,Temperate Broadleaf & Mixed Forests,temp_broad
JOCU,CA,1,45.716563,-64.159504,3.73,3.66,13,12,29,Temperate Broadleaf & Mixed Forests,temp_broad
JOCU,CA,2,45.990668,-64.248315,4.2,4.5,27,21,29,Temperate Broadleaf & Mixed Forests,temp_broad
JOCU,CA,3,45.725886,-64.525241,2.44,1.18,12,8,29,Temperate Broadleaf & Mixed Forests,temp_broad
JOCU,CA,4,45.874873,-64.468382,1.9,2.4,31,22,28,Temperate Broadleaf & Mixed Forests,temp_broad
JOHU,US,1,58.6201,-134.936,3,4.5,18,15,37,Temperate Conifer Forests,temp_conif
JOHU,US,2,58.4864,-134.7774,13,17,30,30,37,Temperate Conifer Forests,temp_conif
JOHU,US,3,58.4705,-134.7836,6.5,5,13,15,37,Temperate Conifer Forests,temp_conif
JOHU,US,4,58.3317,-134.4705,18,17,20,18,37,Temperate Conifer Forests,temp_conif
JORI,CA,1,49.2838056,-122.5623889,1.7,2.2,11,14,35,Temperate Conifer Forests,temp_conif
JORI,CA,2,49.2948611,-122.5675556,2.4,3.1,9,9,35,Temperate Conifer Forests,temp_conif
JORI,CA,3,49.2675028,-122.5596667,4,2.9,11,8,35,Temperate Conifer Forests,temp_conif
JORI,CA,4,49.2775278,-122.5459167,1.9,1.1,14,7,35,Temperate Conifer Forests,temp_conif
JPM,ES,1,42.7903056,-1.9087778,0.95,0.55,17,8,28,Temperate Broadleaf & Mixed Forests,temp_broad
JPM,ES,2,42.7344444,-1.99925,1.25,1.7,20,14,28,Temperate Broadleaf & Mixed Forests,temp_broad
JPM,ES,3,42.7420833,-2.0284444,2,2.6,39,23,28,Temperate Broadleaf & Mixed Forests,temp_broad
JPM,ES,4,42.69225,-2.2478333,3.8,2.5,25,28,28,Temperate Broadleaf & Mixed Forests,temp_broad
JR,EC,1,-2.868133,-79.11430014,0.64,1.23,14,9,27,Tropical & Subtropical Moist Broadleaf Forests,trop_wet
JR,EC,2,-2.869066,-79.11558462,2.04,2.7,15,21,31,Tropical & Subtropical Moist Broadleaf Forests,trop_wet
JR,EC,3,-2.871621,-79.11960934,2.2,2.3,23,10.2,27,Tropical & Subtropical Moist Broadleaf Forests,trop_wet
JR,EC,4,-2.874338,-79.12282444,1.07,0.93,5,6.7,27,Tropical & Subtropical Moist Broadleaf Forests,trop_wet
JS,US,1,40.579503,-111.047669,13.7,11.9,17.8,16.5,32,Temperate Conifer Forests,temp_conif
JS,US,2,41.875846,-111.564533,7.3,9.8,20.3,25.4,30,Temperate Conifer Forests,temp_conif
JS,US,3,40.809522,-111.765472,1.1,1.2,7.6,10.2,29,Temperate Conifer Forests,temp_conif
JS,US,4,40.779602,-111.806669,1.1,1.3,15.9,17.8,29,Deserts & Xeric Shrublands,desert
JT,US,1,44.545501,-123.496148,2.1,2.22,21,15,30,Temperate Broadleaf & Mixed Forests,temp_broad
JT,US,2,44.549005,-123.485049,1.11,2.07,13,3.5,30,Temperate Broadleaf & Mixed Forests,temp_broad
JT,US,3,44.546931,-123.468754,1.18,1.13,9,7.5,30,Temperate Broadleaf & Mixed Forests,temp_broad
JT,US,4,44.545176,-123.448346,1.12,1.39,14.5,8,30,Temperate Broadleaf & Mixed Forests,temp_broad
JUCO,CH,1,46.2164444,9.02175,5.1,3.2,18,23,34,Temperate Conifer Forests,temp_conif
JUCO,CH,2,46.2647778,8.9917222,5.4,4.4,16,23,34,Temperate Conifer Forests,temp_conif
JUCO,CH,3,46.1821667,8.9430556,1.4,4.2,30,41,34,Temperate Conifer Forests,temp_conif
JUCO,CH,4,46.2350556,8.9945833,3.7,1.6,18,18,34,Temperate Conifer Forests,temp_conif
JUNE,JP,1,42.933024,141.22478,2.3,3.5,17,19,37,Temperate Conifer Forests,temp_conif
JUNE,JP,2,42.890136,141.342945,2.5,4.2,12,9.5,37,Temperate Broadleaf & Mixed Forests,temp_broad
JUNE,JP,3,42.977025,141.286715,1.4,1.3,11,10,37,Temperate Broadleaf & Mixed Forests,temp_broad
JUNE,JP,4,42.824668,141.291351,1.5,2.1,11,9,39,Temperate Conifer Forests,temp_conif
JW,US,1,37.2572222,-80.5975,2,0.8,5,5,36,Temperate Broadleaf & Mixed Forests,temp_broad
JW,US,2,37.2658333,-80.5938889,3.4,5.4,21.2,13.4,36,Temperate Broadleaf & Mixed Forests,temp_broad
JW,US,3,37.2375,-80.6030556,2.9,3.9,6.6,8.9,36,Temperate Broadleaf & Mixed Forests,temp_broad
JW,US,4,37.2555556,-80.5238889,1,1.2,4.7,4,36,Temperate Broadleaf & Mixed Forests,temp_broad
JZ,US,1,46.25551,-89.521483,1.3,1.15,40,16,36,Temperate Broadleaf & Mixed Forests,temp_broad
JZ,US,2,46.259211,-89.519488,0.8,0.75,14,10,36,Temperate Broadleaf & Mixed Forests,temp_broad
JZ,US,3,46.236509,-89.492856,0.2,0.18,6,5,36,Temperate Broadleaf & Mixed Forests,temp_broad
JZ,US,4,46.219192,-89.481997,8,12,110,105,36,Temperate Broadleaf & Mixed Forests,temp_broad
KC,MX,1,17.4497,-93.1484,3.7,4.1,7,12,22,Tropical & Subtropical Moist Broadleaf Forests,trop_wet
KC,MX,2,17.46635,-93.1283167,5.7,4.9,12,10,22,Tropical & Subtropical Moist Broadleaf Forests,trop_wet
KC,MX,3,18.2525,-92.8446833,4.7,4.2,9,7,22,Tropical & Subtropical Moist Broadleaf Forests,trop_wet
KF,CA,1,50.9768833,-115.0820667,0.48,4,15,15,35,Temperate Conifer Forests,temp_conif
KF,CA,2,50.9722167,-115.0985167,1,1.25,5,8,35,Temperate Conifer Forests,temp_conif
KF,CA,3,50.93235,-115.1347483,5,5.15,22,18,35,Temperate Conifer Forests,temp_conif
KF,CA,4,50.8903833,-115.1361167,4.5,5,4.5,21,35,Temperate Conifer Forests,temp_conif
KK,US,1,31.05875,-89.2421111,8.27,4.4,37,34,29,Temperate Conifer Forests,temp_conif
KK,US,2,31.1020806,-89.2397889,3.65,5.7,32,44,29,Temperate Conifer Forests,temp_conif
KK,US,3,31.1037583,-89.2096611,6.35,4.55,18,25,29,Temperate Conifer Forests,temp_conif
KK,US,4,31.3505278,-89.4169722,2.1,1.5,14,22,26,Temperate Conifer Forests,temp_conif
KM,FI,1,62.855465,25.469201,0.25,0.8,0.2,0.15,36,Boreal Forests/Taiga,taiga
KM,FI,2,62.837,25.45957,1,0.95,0.15,0.15,36,Boreal Forests/Taiga,taiga
KM,FI,3,62.2044779,25.60775,0.95,0.5,0.1,0.1,36,Boreal Forests/Taiga,taiga
KM,FI,4,62.229638,25.569677,0.65,0.8,0.15,0.1,36,Boreal Forests/Taiga,taiga
KRS,IN,1,12.6201,75.1357,1.2,1.3,45,50,21,Tropical & Subtropical Moist Broadleaf Forests,trop_wet
KRS,IN,2,12.6783333,75.1721667,1.5,1.5,50,55,21,Tropical & Subtropical Moist Broadleaf Forests,trop_wet
KRS,IN,3,12.8006167,74.9273167,4.5,5,60,75,21,Tropical & Subtropical Moist Broadleaf Forests,trop_wet
KRS,IN,4,12.9259333,74.8793333,8,10,110,135,21,Tropical & Subtropical Moist Broadleaf Forests,trop_wet
LB,AU,1,-42.896531,147.264722,0.86,0.68,0.05,0.05,33,Temperate Broadleaf & Mixed Forests,temp_broad
LB,AU,2,-42.922052,147.252283,1.11,1.6,0.11,0.08,33,Temperate Broadleaf & Mixed Forests,temp_broad
LB,AU,3,-42.907978,147.264159,0.99,1.26,0.1,0.1,34,Temperate Broadleaf & Mixed Forests,temp_broad
LB,AU,4,-42.915404,147.329809,0.84,0.6,0.02,0.03,34,Temperate Broadleaf & Mixed Forests,temp_broad
LEB,UK,1,54.688925,-2.3833472,2.4,1.9,8.5,10,34,Temperate Broadleaf & Mixed Forests,temp_broad
LEB,UK,2,54.6869917,-2.3787056,1.2,1,6.5,9,34,Temperate Broadleaf & Mixed Forests,temp_broad
LEB,UK,3,54.6945611,-2.3822639,0.6,0.8,7,4.5,34,Temperate Broadleaf & Mixed Forests,temp_broad
LEB,UK,4,54.7008389,-2.383175,1.1,1,5.5,6,34,Temperate Broadleaf & Mixed Forests,temp_broad
LEVO,SE,1,55.9362361,13.8994333,3.05,1.4,28,35,41,Temperate Broadleaf & Mixed Forests,temp_broad
LEVO,SE,2,55.8991806,13.9904778,2,4.5,15,18,41,Temperate Broadleaf & Mixed Forests,temp_broad
LEVO,SE,3,55.9298472,13.5720833,3.2,2.5,26,36,41,Temperate Broadleaf & Mixed Forests,temp_broad
LEVO,SE,4,55.8928694,13.6232528,1.45,1.4,36,55,41,Temperate Broadleaf & Mixed Forests,temp_broad
LGL,ES,1,42.4377333,-8.377475,7.1,6.4,51,40,34,Temperate Broadleaf & Mixed Forests,temp_broad
LGL,ES,2,42.3885861,-8.3773,8.5,9.1,32,37,34,Temperate Broadleaf & Mixed Forests,temp_broad
LGL,ES,3,42.3507222,-8.3775472,11.3,10.7,65,63,34,Temperate Broadleaf & Mixed Forests,temp_broad
LGL,ES,4,42.3136833,-8.4864972,6.4,5.9,36,40,34,Temperate Broadleaf & Mixed Forests,temp_broad
LH,BR,1,-27.6044444,-52.2688889,1.3,1,11,9,34,Tropical & Subtropical Moist Broadleaf Forests,trop_wet
LH,BR,2,-27.5013889,-51.9491667,0.75,0.9,6,10,31,Tropical & Subtropical Moist Broadleaf Forests,trop_wet
LH,BR,3,-27.5147222,-52.3325,1.2,1.35,13,10,34,Tropical & Subtropical Moist Broadleaf Forests,trop_wet
LH,BR,4,-27.4966667,-51.9333333,0.8,0.95,8,13,31,Tropical & Subtropical Moist Broadleaf Forests,trop_wet
LR,UY,1,-34.3911667,-54.4967222,2.5,3,20,15,31,"Tropical & Subtropical Grasslands, Savannas & Shrublands",trop_grass
LR,UY,2,-34.674,-54.3688333,25,25,20,45,31,"Tropical & Subtropical Grasslands, Savannas & Shrublands",trop_grass
LR,UY,3,-34.2503333,-54.2138056,0.5,2,12,16,31,"Tropical & Subtropical Grasslands, Savannas & Shrublands",trop_grass
LR,UY,4,-34.0775556,-53.934,1,4.4,10,30,31,"Tropical & Subtropical Grasslands, Savannas & Shrublands",trop_grass
LUZB,ES,1,43.2124167,-3.2709333,2.3,1.8,8,15,32,Temperate Broadleaf & Mixed Forests,temp_broad
LUZB,ES,2,43.2091,-3.26715,2.6,2.2,11,10,32,Temperate Broadleaf & Mixed Forests,temp_broad
LUZB,ES,3,43.2084667,-3.26715,1.3,2.1,15,15,32,Temperate Broadleaf & Mixed Forests,temp_broad
LUZB,ES,4,43.3089167,-3.2606,2.3,3.5,15,15,32,Temperate Broadleaf & Mixed Forests,temp_broad
MANG,PT,1,37.6815333,-8.1181333,1.9,2.1,10,13,27,"Mediterranean Forests, Woodlands & Scrub",mediter
MANG,PT,2,37.5162861,-8.0103889,5.6,5.2,18,12,27,"Mediterranean Forests, Woodlands & Scrub",mediter
MANG,PT,3,37.617225,-7.6838,5,2,15,10,27,"Mediterranean Forests, Woodlands & Scrub",mediter
MANG,PT,4,37.5175194,-7.5791667,4,4,8,10,27,"Mediterranean Forests, Woodlands & Scrub",mediter
MB,BR,1,-10.2623333,-48.13755,1.86,2.3,29,41.5,21,Tropical & Subtropical Moist Broadleaf Forests,trop_wet
MB,BR,2,-10.2848167,-48.1595167,3.1,2.32,42,36,21,Tropical & Subtropical Moist Broadleaf Forests,trop_wet
MB,BR,3,-10.27965,-48.1954,0.96,1.79,8,16,21,Tropical & Subtropical Moist Broadleaf Forests,trop_wet
MB,BR,4,-10.2476833,-48.1150333,2.09,2.13,22.5,54,21,"Tropical & Subtropical Grasslands, Savannas & Shrublands",trop_grass
MC,BR,1,-19.2105556,-46.9919444,3.9,3.9,65,65,28,"Tropical & Subtropical Grasslands, Savannas & Shrublands",trop_grass
MC,BR,2,-19.1644444,-47.0116667,5.2,5.2,22,22,28,"Tropical & Subtropical Grasslands, Savannas & Shrublands",trop_grass
MC,BR,3,-19.1316667,-47.0480556,3.35,3.35,19.5,19.5,28,"Tropical & Subtropical Grasslands, Savannas & Shrublands",trop_grass
MC,BR,4,-19.1233333,-46.8252778,3.4,3.4,21.5,21.5,28,"Tropical & Subtropical Grasslands, Savannas & Shrublands",trop_grass
MD,AU,1,-13.113412,130.799162,3.5,4.5,20,20,22,"Tropical & Subtropical Grasslands, Savannas & Shrublands",trop_grass
MD,AU,2,-13.10193,130.781625,1.8,2,20,15,22,"Tropical & Subtropical Grasslands, Savannas & Shrublands",trop_grass
MD,AU,3,-13.096206,130.782785,3.5,4,40,35,22,"Tropical & Subtropical Grasslands, Savannas & Shrublands",trop_grass
MD,AU,4,-13.187592,130.721831,2,1.5,10,10,22,"Tropical & Subtropical Grasslands, Savannas & Shrublands",trop_grass
MG,AU,1,-37.87565,145.371025,0.67,1.04,9,12,30,Temperate Broadleaf & Mixed Forests,temp_broad
MG,AU,2,-37.8995222,145.3564639,1.73,2.34,5,8,30,Temperate Broadleaf & Mixed Forests,temp_broad
MG,AU,3,-37.8651361,145.4110667,0.86,0.7,7,7,30,Temperate Broadleaf & Mixed Forests,temp_broad
MG,AU,4,-37.8489,145.3467194,1,0.84,5,8.5,30,Temperate Broadleaf & Mixed Forests,temp_broad
MIDA,FR,1,49.373034,1.496544,2.5,2.4,10,11,31,Temperate Broadleaf & Mixed Forests,temp_broad
MIDA,FR,2,49.413176,1.617605,2.45,2.4,14,20,31,Temperate Broadleaf & Mixed Forests,temp_broad
MIDA,FR,3,49.232267,1.867017,0.5,0.65,16,15,31,Temperate Broadleaf & Mixed Forests,temp_broad
MIDA,FR,4,49.111616,1.849061,1.2,1.35,15,11,31,Temperate Broadleaf & Mixed Forests,temp_broad
MINI,FI,1,61.5324389,23.5449806,0.6,1.4,5,30,39,Boreal Forests/Taiga,taiga
MINI,FI,2,61.5049444,23.450375,1.5,1.5,15,12,38,Boreal Forests/Taiga,taiga
MINI,FI,3,61.5769,24.1259917,0.5,0.5,10,10,36,Boreal Forests/Taiga,taiga
MINI,FI,4,61.50585,23.9314528,1.5,0.95,20,10,37,Boreal Forests/Taiga,taiga
MM,HR,1,44.8329139,15.5568778,4,5.4,13,24,33,Temperate Broadleaf & Mixed Forests,temp_broad
MM,HR,2,44.8714667,15.5997194,2.2,2.4,9,11,33,Temperate Broadleaf & Mixed Forests,temp_broad
MM,HR,3,45.8564167,15.9639917,1.4,1.3,11,16,27,Temperate Broadleaf & Mixed Forests,temp_broad
MM,HR,4,45.8580028,15.9349806,1.2,1.9,11,8,27,Temperate Broadleaf & Mixed Forests,temp_broad
NG,US,1,47.504222,-93.454358,0.3,0.3,17,17,33,Temperate Broadleaf & Mixed Forests,temp_broad
NG,US,2,47.514601,-93.472058,0.3,0.4,6,5,33,Temperate Broadleaf & Mixed Forests,temp_broad
NG,US,3,47.52327,-93.462401,1.8,1.1,17,12,33,Temperate Broadleaf & Mixed Forests,temp_broad
NG,US,4,47.519712,-93.469765,0.3,0.3,2,3,33,Temperate Broadleaf & Mixed Forests,temp_broad
PEGS,GT,1,15.94825,-90.67535,5.63,5.21,10.4,38.41,25,Tropical & Subtropical Moist Broadleaf Forests,trop_wet
PEGS,GT,2,15.94037,-90.67632,3.77,3.87,7.47,15.53,25,Tropical & Subtropical Moist Broadleaf Forests,trop_wet
PEGS,GT,3,15.90793,-90.6682,8.67,10.37,43.05,22.13,25,Tropical & Subtropical Moist Broadleaf Forests,trop_wet
PEGS,GT,4,15.92172,-90.65257,8.9,3.2,41.13,51.27,25,Tropical & Subtropical Moist Broadleaf Forests,trop_wet
PEMC,US,1,43.42873,-89.81822,5.2,2,14,24,34,Temperate Broadleaf & Mixed Forests,temp_broad
PEMC,US,2,43.38441,-89.79604,5.7,4.6,19,20,34,Temperate Broadleaf & Mixed Forests,temp_broad
PEMC,US,3,43.1018,-90.1572,1,1,26,22,34,Temperate Broadleaf & Mixed Forests,temp_broad
PEMC,US,4,43.11382,-90.05852,2.7,3.8,21,19,34,Temperate Broadleaf & Mixed Forests,temp_broad
PF,CA,1,44.22385,-79.42123333,3.7,3.6,45,70,38,Temperate Broadleaf & Mixed Forests,temp_broad
PF,CA,2,44.06103056,-79.62886944,4,8.4,10,20,38,Temperate Broadleaf & Mixed Forests,temp_broad
PF,CA,3,44.02475,-79.96975,7.5,2.5,15,15,34,Temperate Broadleaf & Mixed Forests,temp_broad
PF,CA,4,44.13008,-79.72736,5,5.2,75,100,35,Temperate Broadleaf & Mixed Forests,temp_broad
PF,CA,5,44.58750556,-79.66553333,1.2,2,10,10,34,Temperate Broadleaf & Mixed Forests,temp_broad
PF,CA,6,44.5119,-79.50206667,28,28,12,12,38,Temperate Broadleaf & Mixed Forests,temp_broad
PF,CA,7,44.4351,-79.1271,6.6,8.9,30,10,38,Temperate Broadleaf & Mixed Forests,temp_broad
PF,CA,8,44.24166667,-78.98166667,5.6,6.2,45,20,38,Temperate Broadleaf & Mixed Forests,temp_broad
PF,CA,9,44.4593,-78.81985,6.8,5.9,10,35,36,Temperate Broadleaf & Mixed Forests,temp_broad
PF,CA,10,44.46181,-78.62283,2.75,1.5,25,15,35,Temperate Broadleaf & Mixed Forests,temp_broad
PF,CA,11,44.58538333,-78.59411667,12.5,8.8,80,40,36,Temperate Broadleaf & Mixed Forests,temp_broad
PF,CA,12,44.427347,-78.135899,18.5,20.5,35,20,36,Temperate Broadleaf & Mixed Forests,temp_broad
PILI,US,1,21.44761,-157.85721,4,5,20,20,22,Tropical & Subtropical Moist Broadleaf Forests,trop_wet
PILI,US,2,21.4951,-157.85899,3,8,20,10,22,Tropical & Subtropical Moist Broadleaf Forests,trop_wet
PILI,US,3,21.56833,-157.89384,12,12,30,30,22,Tropical & Subtropical Moist Broadleaf Forests,trop_wet
PILI,US,4,21.63352,-158.05266,6,7,25,25,22,Tropical & Subtropical Dry Broadleaf Forests,trop_dry
PL,CA,1,50.3968528,-104.4860861,13.9,15.9,72,102,34,"Temperate Grasslands, Savannas & Shrublands",temp_grass
PL,CA,2,50.2872778,-105.1451194,9.2,6,110,115,34,"Temperate Grasslands, Savannas & Shrublands",temp_grass
PL,CA,3,50.5727667,-103.4106361,29,31,120,120,34,"Temperate Grasslands, Savannas & Shrublands",temp_grass
PL,CA,4,50.8338139,-104.3246333,11,2.25,90,70,34,"Temperate Grasslands, Savannas & Shrublands",temp_grass
PW,US,1,41.180475,-75.2899889,4.72,4.95,16,12.4,28,Temperate Broadleaf & Mixed Forests,temp_broad
PW,US,2,41.1276306,-75.231475,30.2,29.72,12.5,21.6,28,Temperate Broadleaf & Mixed Forests,temp_broad
PW,US,3,41.072724,-75.218941,26.26,11.33,25,18,28,Temperate Broadleaf & Mixed Forests,temp_broad
PW,US,4,41.1355167,-75.1061806,32.69,27.23,13,31,28,Temperate Broadleaf & Mixed Forests,temp_broad
RALB,AR,1,-40.7781833,-71.1262167,1.3,1,8.7,10.5,40,Temperate Broadleaf & Mixed Forests,temp_broad
RALB,AR,2,-40.7532167,-71.1205167,1.8,1.3,8.3,9.8,40,Temperate Broadleaf & Mixed Forests,temp_broad
RALB,AR,3,-40.8217,-71.1061,1.6,1,8.1,12.5,40,"Temperate Grasslands, Savannas & Shrublands",temp_grass
RALB,AR,4,-40.7163167,-71.0999833,3.6,3.4,13.9,12.4,40,"Temperate Grasslands, Savannas & Shrublands",temp_grass
RIPA,FI,1,66.3262333,29.552,1.1,1,16,17,31,Boreal Forests/Taiga,taiga
RIPA,FI,2,66.3387083,29.52005,3.2,1.5,24,28,31,Boreal Forests/Taiga,taiga
RIPA,FI,3,66.3794417,29.4235083,3.9,6.2,30,22,31,Boreal Forests/Taiga,taiga
RIPA,FI,4,66.3398,29.3286333,2.5,1.5,28,30,31,Boreal Forests/Taiga,taiga
ROMO,US,1,45.0157683,-87.147135,3.5,3.75,17.5,15,34,Temperate Broadleaf & Mixed Forests,temp_broad
ROMO,US,2,44.9855517,-87.191485,2.5,3.5,25,16.5,34,Temperate Broadleaf & Mixed Forests,temp_broad
ROMO,US,3,45.0972017,-87.0821683,3.5,2.5,45.75,33,34,Temperate Broadleaf & Mixed Forests,temp_broad
ROMO,US,4,45.1240517,-87.2387517,3,3,17,18,34,Temperate Broadleaf & Mixed Forests,temp_broad
RS,SE,1,64.252197,19.7763,0.17,0.18,2.5,6,36,Boreal Forests/Taiga,taiga
RS,SE,2,64.259399,19.773899,0.53,0.85,5.5,5,36,Boreal Forests/Taiga,taiga
RS,SE,3,64.260803,19.760401,0.65,0.3,45,10,36,Boreal Forests/Taiga,taiga
RS,SE,4,64.198097,19.869101,4.5,6,60,30,36,Boreal Forests/Taiga,taiga
SDG,IN,1,12.5839167,75.4629833,1,1.2,55,60,21,Tropical & Subtropical Moist Broadleaf Forests,trop_wet
SDG,IN,2,12.65185,75.6211833,1.2,1.3,50,65,21,Tropical & Subtropical Moist Broadleaf Forests,trop_wet
SDG,IN,3,12.6393333,75.5782833,1.4,1.8,55,75,21,Tropical & Subtropical Moist Broadleaf Forests,trop_wet
SDG,IN,4,12.6437333,75.5754333,2.1,2.2,80,90,21,Tropical & Subtropical Moist Broadleaf Forests,trop_wet
SE,US,1,35.586,-92.682,4,4,20,20,31,Temperate Broadleaf & Mixed Forests,temp_broad
SE,US,2,35.587806,-92.69826638,3,3,7.5,7.5,31,Temperate Broadleaf & Mixed Forests,temp_broad
SE,US,3,35.5688,-92.674,2.5,2.5,6,6,31,Temperate Broadleaf & Mixed Forests,temp_broad
SE,US,4,35.5651,-92.6645,3,3,10,10,31,Temperate Broadleaf & Mixed Forests,temp_broad
SH,CA,1,49.65759,-93.73246,0.5,0.5,14,10,26,Temperate Broadleaf & Mixed Forests,temp_broad
SH,CA,2,49.64864,-93.72581,0.6,0.4,10,8,26,Temperate Broadleaf & Mixed Forests,temp_broad
SI,AU,1,-37.8746,145.36,1.79,2.24,10.5,9.5,21,Temperate Broadleaf & Mixed Forests,temp_broad
SI,AU,2,-37.8303,145.397,1.34,1.2,2.5,3.2,21,Temperate Broadleaf & Mixed Forests,temp_broad
SI,AU,3,-37.8298,145.397,2.2,2.93,12.5,8,21,Temperate Broadleaf & Mixed Forests,temp_broad
SI,AU,4,-37.8581,145.323,0.57,1.19,5,3.8,21,Temperate Broadleaf & Mixed Forests,temp_broad
SK,NL,1,52.00309,5.73516,1.1,1.1,20,20,34,Temperate Broadleaf & Mixed Forests,temp_broad
SK,NL,2,51.990251,5.785061,1.5,1.5,15,15,34,Temperate Broadleaf & Mixed Forests,temp_broad
SK,NL,3,51.977843,5.758026,1.8,1.8,40,40,34,Temperate Broadleaf & Mixed Forests,temp_broad
SK,NL,4,51.988664,5.728783,2.85,2.85,15,15,34,Temperate Broadleaf & Mixed Forests,temp_broad
SL,CA,1,48.488655,-54.020952,1.6,1.2,9.3,6.8,36,Boreal Forests/Taiga,taiga
SL,CA,2,48.612927,-53.970698,1.5,1.2,9,13.7,36,Boreal Forests/Taiga,taiga
SL,CA,3,48.446114,-54.021368,2.8,4.8,15.3,11,36,Boreal Forests/Taiga,taiga
SL,CA,4,48.433979,-54.032012,1.1,1.4,9.3,9.3,36,Boreal Forests/Taiga,taiga
SM,SG,1,1.3202778,103.7695278,,,,,31,Tropical & Subtropical Moist Broadleaf Forests,trop_wet
SM,SG,2,1.3243611,103.7625,,,,,31,Tropical & Subtropical Moist Broadleaf Forests,trop_wet
SM,SG,3,1.3248611,103.7564444,,,,,31,Tropical & Subtropical Moist Broadleaf Forests,trop_wet
SM,SG,4,1.3213611,103.7516667,,,,,31,Tropical & Subtropical Moist Broadleaf Forests,trop_wet
ST,EC,1,-0.513158,-78.20542516,0.75,0.95,30,30,32,Montane Grasslands & Shrublands,mont_grass
ST,EC,2,-0.504707,-78.21576061,0.75,1.4,20,35,33,Montane Grasslands & Shrublands,mont_grass
ST,EC,3,-0.493211,-78.19976063,1.1,1.4,23,28,33,Montane Grasslands & Shrublands,mont_grass
ST,EC,4,-0.513162,-78.21610706,1.7,1.8,28,25,33,Montane Grasslands & Shrublands,mont_grass
SU,FI,1,61.3652778,25.2263889,1.5,1.7,25,25,34,Boreal Forests/Taiga,taiga
SU,FI,2,61.3869444,25.3202778,1,0.8,15,12,34,Boreal Forests/Taiga,taiga
SU,FI,3,61.3411111,25.1516667,0.9,0.7,12,5,34,Boreal Forests/Taiga,taiga
SU,FI,4,61.0877778,25.6344444,1.7,3,10,10,35,Boreal Forests/Taiga,taiga
SV,EE,1,58.268511,26.913609,5.2,3.9,17,17,34,Temperate Broadleaf & Mixed Forests,temp_broad
SV,EE,2,58.228419,26.742294,7.4,5.8,16,17,34,Temperate Broadleaf & Mixed Forests,temp_broad
SV,EE,3,58.1141,26.885656,4.9,4.3,18,17,34,Temperate Broadleaf & Mixed Forests,temp_broad
SV,EE,4,58.360699,26.367717,5,7.1,19,32,34,Temperate Broadleaf & Mixed Forests,temp_broad
SW,CL,1,-36.8795833,-72.9854333,5,4.3,40,49,34,Temperate Broadleaf & Mixed Forests,temp_broad
SW,CL,2,-36.8806278,-72.9853028,4.5,5,50,41,34,Temperate Broadleaf & Mixed Forests,temp_broad
SW,CL,3,-36.8806028,-72.9950889,1.5,1.7,16,15,33,Temperate Broadleaf & Mixed Forests,temp_broad
SW,CL,4,-36.8782222,-72.9939611,1.5,2,25,20,33,Temperate Broadleaf & Mixed Forests,temp_broad
TAHI,JP,1,32.3671667,131.1771639,2,2.7,14,19,37,Temperate Broadleaf & Mixed Forests,temp_broad
TAHI,JP,2,32.3677861,131.1724639,2.2,1.5,20,31,37,Temperate Broadleaf & Mixed Forests,temp_broad
TAHI,JP,3,32.3754806,131.1783417,2.1,2.2,20,16,37,Temperate Broadleaf & Mixed Forests,temp_broad
TAHI,JP,4,32.3765083,131.1721389,0.9,1.7,15,13,37,Temperate Broadleaf & Mixed Forests,temp_broad
TF,PL,1,50.0615504,19.718899,3.6,3,3.5,20,28,Temperate Broadleaf & Mixed Forests,temp_broad
TF,PL,2,49.842415,20.062902,1,1,3,1.5,28,Temperate Conifer Forests,temp_conif
TF,PL,3,49.910985,20.113343,1,1.5,10.5,6,28,Temperate Conifer Forests,temp_conif
TF,PL,4,49.906734,20.145963,2.5,2,3.5,8,28,Temperate Conifer Forests,temp_conif
TI,JP,1,35.527458,138.655997,2.6,1.4,17,21,32,Temperate Broadleaf & Mixed Forests,temp_broad
TI,JP,2,35.825342,138.526582,3.7,4,30,19,33,Temperate Broadleaf & Mixed Forests,temp_broad
TI,JP,3,35.825661,138.520478,2.5,2.2,18,20,33,Temperate Broadleaf & Mixed Forests,temp_broad
TI,JP,4,35.859703,138.56855,3.8,4.4,34,21,33,Temperate Broadleaf & Mixed Forests,temp_broad
TIMO,FI,1,65.497,27.546,1.5,2.3,26,17,28,Boreal Forests/Taiga,taiga
TIMO,FI,2,65.66,28.404,6.4,5.5,30,35,28,Boreal Forests/Taiga,taiga
TIMO,FI,3,65.634,28.261,1.8,1.7,39,42,28,Boreal Forests/Taiga,taiga
TIMO,FI,4,65.532,28.073,1.9,1.6,18,34,28,Boreal Forests/Taiga,taiga
TM,BR,1,-23.1809,-44.1944667,1,1.2,23,21,39,Tropical & Subtropical Moist Broadleaf Forests,trop_wet
TM,BR,2,-23.1836167,-44.19405,5,7,20,35,38,Tropical & Subtropical Moist Broadleaf Forests,trop_wet
TM,BR,3,-23.1822167,-44.2022833,5,8.5,39,35,38,Tropical & Subtropical Moist Broadleaf Forests,trop_wet
TM,BR,4,-23.18655,-44.1998833,6.5,10,39,30,38,Tropical & Subtropical Moist Broadleaf Forests,trop_wet
TR,US,1,39.2950222,-86.7300333,5,4,16,12,28,Temperate Broadleaf & Mixed Forests,temp_broad
TR,US,2,39.3070806,-86.7188417,2.4,2.1,15,9,28,Temperate Broadleaf & Mixed Forests,temp_broad
TR,US,3,39.3200528,-86.4491944,2,1.8,11,9,28,Temperate Broadleaf & Mixed Forests,temp_broad
TR,US,4,39.31915,-86.4431722,4.5,2.5,21,14,28,Temperate Broadleaf & Mixed Forests,temp_broad
VCP,EC,1,-0.4231333,-79.0032167,1.09,1.5,11,12,21,Tropical & Subtropical Moist Broadleaf Forests,trop_wet
VCP,EC,2,-0.4219167,-79.0036833,0.75,0.8,7,9,21,Tropical & Subtropical Moist Broadleaf Forests,trop_wet
VCP,EC,3,-0.4230333,-79.0047667,0.98,0.6,4,8,21,Tropical & Subtropical Moist Broadleaf Forests,trop_wet
VCP,EC,4,-0.4230333,-79.00495,0.66,0.57,9,9,21,Tropical & Subtropical Moist Broadleaf Forests,trop_wet
VDV,AR,1,-41.13655,-71.3523,1.1,1,8,7.6,40,Temperate Broadleaf & Mixed Forests,temp_broad
VDV,AR,2,-41.1414333,-71.4075333,0.9,1.2,8.3,7.2,40,Temperate Broadleaf & Mixed Forests,temp_broad
VDV,AR,3,-41.23665,-71.43175,1.9,1.8,11.4,13.8,40,Temperate Broadleaf & Mixed Forests,temp_broad
VDV,AR,4,-41.2449667,-71.4392167,1.1,0.9,5.9,4.5,40,Temperate Broadleaf & Mixed Forests,temp_broad
VF,PT,1,40.0647972,-8.3015139,2.4,2.96,16,14,34,"Mediterranean Forests, Woodlands & Scrub",mediter
VF,PT,2,40.0684444,-8.2113056,2.2,1.5,13,10,34,"Mediterranean Forests, Woodlands & Scrub",mediter
VF,PT,3,40.0788194,-8.2083583,1.5,1.4,27,8,34,"Mediterranean Forests, Woodlands & Scrub",mediter
VF,PT,4,40.0896167,-8.2013194,1.9,2.59,13,10,34,"Mediterranean Forests, Woodlands & Scrub",mediter
VG,US,1,33.794982,-79.013281,2.15,1.82,8,12,30,Temperate Conifer Forests,temp_conif
VG,US,2,33.785761,-79.036187,0.52,0.55,11,10,30,Temperate Conifer Forests,temp_conif
VG,US,3,33.785393,-79.031565,2.1,2.35,27,24,30,Temperate Conifer Forests,temp_conif
VG,US,4,33.802572,-78.874103,2.8,3.05,32,29,30,Temperate Conifer Forests,temp_conif
VNL,BR,1,-22.4916667,-42.8633333,5.7,6.4,22,20,25,Tropical & Subtropical Moist Broadleaf Forests,trop_wet
VNL,BR,2,-22.4451667,-42.7066667,3.2,3.5,25,25,25,Tropical & Subtropical Moist Broadleaf Forests,trop_wet
VNL,BR,3,-22.43,-42.7133333,1.5,2.2,25,25,25,Tropical & Subtropical Moist Broadleaf Forests,trop_wet
VNL,BR,4,-22.455,-42.6798333,1.6,3.4,12,10,25,Tropical & Subtropical Moist Broadleaf Forests,trop_wet
WC,US,1,45.64032,-111.03074,5.4,5.4,15.8,15.8,42,"Temperate Grasslands, Savannas & Shrublands",temp_grass
WC,US,2,45.441018,-111.228147,6,6,10.5,10.5,42,Temperate Conifer Forests,temp_conif
WC,US,3,45.223194,-111.239819,6.3,6.3,7.5,7.5,42,Temperate Conifer Forests,temp_conif
WC,US,4,45.269176,-111.320714,4.5,4.5,7.4,7.4,42,Temperate Conifer Forests,temp_conif
YM,JP,1,33.934071,132.897478,2.2,2.7,15,25,37,Temperate Broadleaf & Mixed Forests,temp_broad
YM,JP,2,33.932101,132.910187,2.7,1.6,13,16,37,Temperate Broadleaf & Mixed Forests,temp_broad
YM,JP,3,33.921034,132.909194,3.4,3.5,23,22,37,Temperate Broadleaf & Mixed Forests,temp_broad
YM,JP,4,33.916005,132.908928,2.8,1.9,20,15,37,Temperate Broadleaf & Mixed Forests,temp_broad
YZ,CN,1,30.1181417,118.0239425,9,14.5,60,34.7,35,Temperate Broadleaf & Mixed Forests,temp_broad
YZ,CN,2,30.1175208,117.9866878,10.6,6.7,21.25,16,35,Temperate Broadleaf & Mixed Forests,temp_broad
YZ,CN,3,30.1154836,118.0572664,6,7.1,19.17,15.2,35,Temperate Broadleaf & Mixed Forests,temp_broad
YZ,CN,4,30.1155558,118.0876481,7.5,7,30,12,35,Temperate Broadleaf & Mixed Forests,temp_broad